"tournament_id","tournament_name","full_name","city","country_code","dates","calendar_year","season","regulation","game","tier","division","reported_players","players_approximate","verified","standings_kind","standings_full","standings_rows","standings_coverage_pct","standings_conflict","usage_entries","known_team_sheets","team_sheet_coverage_pct","match_rows","players_in_matches","match_player_coverage_pct","has_usage","has_standings","has_team_sheets","has_matches","coverage_full_flag","standings_source","team_sheet_source"
"worlds-2026","Worlds 2026","2026 Pokémon World Championships","United States","US","August 28–30, 2026","2026","2026","M-B","Pokémon Champions","worlds","Masters","395","false","true","final","true","395","100.00","","57","394","99.75","1462","395","100.00","true","true","true","true","1","https://rk9.gg/pairings/WCS02wAQpCIaqFmXxER4","limitless;pokedata"
"naic-2026","NAIC 2026","2026 North America International Championships","New Orleans","US","June 12–14, 2026","2026","2026","M-A","Pokémon Champions","international","Masters","1096","false","true","final","false","1094","99.82","{""field"":1096,""rows"":1094,""delta"":-2}","156","1093","99.73","4354","1094","99.82","true","true","true","true","1","https://rk9.gg/pairings/NA02wgUPFDXKmQmqILwS","limitless;pokedata"
"special-event-turin-2026","Turin Special Event 2026","Turin Special Event 2026","Turin","IT","June 6–7, 2026","2026","2026","M-A","Pokémon Champions","special","Masters","940","false","true","final","false","941","100.11","{""field"":940,""rows"":941,""delta"":1}","135","940","100.00","3717","940","100.00","true","true","true","true","1","https://rk9.gg/pairings/TU02wKzv4cT2BBiI9dEg","limitless;pokedata"
"regional-indianapolis-in-2026","Indianapolis Regionals 2026","Indianapolis Regional Championships 2026","Indianapolis","US","May 29–31, 2026","2026","2026","M-A","Pokémon Champions","regional","Masters","1013","false","true","final","true","1013","100.00","","145","1010","99.70","3952","1010","99.70","true","true","true","true","1","https://rk9.gg/pairings/IN02wbUMQOt2eNv12cgC","limitless;pokedata"
"regional-melbourne-2026","Melbourne Regionals 2026","Melbourne Regional Championships 2026","Melbourne","AU","May 23–24, 2026","2026","2026","I","Scarlet & Violet","regional","Masters","291","false","true","final","false","290","99.66","{""field"":291,""rows"":290,""delta"":-1}","41","289","99.31","1132","289","99.31","true","true","true","true","1","https://rk9.gg/pairings/MB02w71HQZzTvTOYLtXb","limitless;pokedata"
"special-event-lima-2026","Lima Special Event 2026","Lima Special Event 2026","Lima","PE","May 23–24, 2026","2026","2026","I","Scarlet & Violet","special","Masters","77","false","true","final","true","77","100.00","","18","77","100.00","287","77","100.00","true","true","true","true","1","https://www.pokedata.ovh/standingsVGC/0000186/masters/R13.php","limitless;reportworm"
"regional-campinas-2026","Campinas Regionals 2026","Campinas Regional Championships 2026","Campinas","BR","May 16–17, 2026","2026","2026","I","Scarlet & Violet","regional","Masters","220","false","true","final","true","220","100.00","","31","218","99.09","814","218","99.09","true","true","true","true","1","https://rk9.gg/pairings/CA02wLAJ2mRyQI5kryVw","limitless;pokedata"
"regional-utrecht-2026","Utrecht Regionals 2026","Utrecht Regional Championships 2026","Utrecht","NL","May 16–17, 2026","2026","2026","I","Scarlet & Violet","regional","Masters","415","false","true","final","true","415","100.00","","60","415","100.00","1682","415","100.00","true","true","true","true","1","https://rk9.gg/pairings/UT02wFHDCjnKgZ9Gscu7","limitless;pokedata"
"regional-los-angeles-ca-2026","Los Angeles Regionals 2026","Los Angeles Regional Championships 2026","Los Angeles","US","May 8–10, 2026","2026","2026","I","Scarlet & Violet","regional","Masters","542","false","true","final","false","538","99.26","{""field"":542,""rows"":538,""delta"":-4}","77","538","99.26","2107","538","99.26","true","true","true","true","1","https://rk9.gg/pairings/LS02w5lpCOiMwPPo7QWD","limitless;pokedata"
"regional-prague-2026","Prague Regionals 2026","Prague Regional Championships 2026","Prague","CZ","April 25–26, 2026","2026","2026","I","Scarlet & Violet","regional","Masters","558","false","true","final","true","558","100.00","","81","557","99.82","2239","556","99.64","true","true","true","true","1","https://rk9.gg/pairings/PR02wayEt6qQBnpFi6cp","limitless;pokedata"
"regional-orlando-fl-2026","Orlando Regionals 2026","Orlando Regional Championships 2026","Orlando","US","April 3–5, 2026","2026","2026","I","Scarlet & Violet","regional","Masters","676","false","true","final","false","675","99.85","{""field"":676,""rows"":675,""delta"":-1}","96","673","99.56","2609","673","99.56","true","true","true","true","1","https://rk9.gg/pairings/OR02wF0GhaiorROTkFlu","limitless;pokedata"
"regional-queretaro-2026","Querétaro Regionals 2026","Querétaro Regional Championships 2026","Querétaro","MX","April 4–5, 2026","2026","2026","I","Scarlet & Violet","regional","Masters","270","false","true","final","false","269","99.63","{""field"":270,""rows"":269,""delta"":-1}","39","267","98.89","1068","267","98.89","true","true","true","true","1","https://rk9.gg/pairings/QT02wgHCgGOEh4NP4jLE","limitless;pokedata"
"special-event-seville-2026","Seville Special Event 2026","Seville Special Event 2026","Seville","ES","March 28–29, 2026","2026","2026","F","Scarlet & Violet","special","Masters","595","false","true","final","false","592","99.50","{""field"":595,""rows"":592,""delta"":-3}","84","584","98.15","2322","584","98.15","true","true","true","true","1","https://rk9.gg/pairings/SV02wtoHf5SDBUM0ntB2","limitless;pokedata"
"regional-houston-tx-2026","Houston Regionals 2026","Houston Regional Championships 2026","Houston","US","March 20–22, 2026","2026","2026","F","Scarlet & Violet","regional","Masters","625","false","true","final","true","625","100.00","","88","624","99.84","2513","625","100.00","true","true","true","true","1","https://rk9.gg/pairings/HO02w2PgpC7mWHP8zYRI","limitless;pokedata"
"regional-curitiba-2026","Curitiba Regionals 2026","Curitiba Regional Championships 2026","Curitiba","BR","March 14–15, 2026","2026","2026","F","Scarlet & Violet","regional","Masters","180","false","true","final","true","180","100.00","","27","179","99.44","694","179","99.44","true","true","true","true","1","https://rk9.gg/pairings/CU02wOcwtjVNH6QdhfNE","limitless;pokedata"
"special-event-san-juan-2026","San Juan Special Event 2026","San Juan Special Event 2026","San Juan","PR","March 7–8, 2026","2026","2026","F","Scarlet & Violet","special","Masters","99","false","true","final","true","99","100.00","","23","99","100.00","357","99","100.00","true","true","true","true","1","https://standings.reportworm.com/api/v1/2026/san-juan","limitless;reportworm"
"regional-seattle-wa-2026","Seattle Regionals 2026","Seattle Regional Championships 2026","Seattle","US","Feb 27 – Mar 1, 2026","2026","2026","F","Scarlet & Violet","regional","Masters","822","false","true","final","false","821","99.88","{""field"":822,""rows"":821,""delta"":-1}","118","820","99.76","3274","820","99.76","true","true","true","true","1","https://rk9.gg/pairings/SE027LIri9yqbewCPonE","limitless;pokedata"
"euic-2026","EUIC 2026","2026 Europe International Championships","London","GB","February 13–15, 2026","2026","2026","F","Scarlet & Violet","international","Masters","1455","false","true","final","true","1455","100.00","","210","1455","100.00","6015","1453","99.86","true","true","true","true","1","https://rk9.gg/pairings/EU02mADIyxk2QHCU8dqx","limitless;pokedata"
"regional-santiago-2026","Santiago Regionals 2026","Santiago Regional Championships 2026","Santiago","CL","February 7–8, 2026","2026","2026","F","Scarlet & Violet","regional","Masters","214","false","true","final","true","214","100.00","","31","211","98.60","816","211","98.60","true","true","true","true","1","https://rk9.gg/pairings/ST02KJ5wqNl34q3KGE8N","limitless;pokedata"
"regional-sydney-2026","Sydney Regionals 2026","Sydney Regional Championships 2026","Sydney","AU","February 7–8, 2026","2026","2026","F","Scarlet & Violet","regional","Masters","278","false","true","final","false","277","99.64","{""field"":278,""rows"":277,""delta"":-1}","40","277","99.64","1118","277","99.64","true","true","true","true","1","https://rk9.gg/pairings/SY02sMDp6JmCcnCynSLn","limitless;pokedata"
"special-event-auckland-2026","Auckland Special Event 2026","Auckland Special Event 2026","Auckland","NZ","January 24–25, 2026","2026","2026","F","Scarlet & Violet","special","Masters","43","false","true","final","true","43","100.00","","10","38","88.37","147","43","100.00","true","true","true","true","1","https://standings.reportworm.com/api/v1/2026/auckland","reportworm"
"regional-birmingham-2026","Birmingham Regionals 2026","Birmingham Regional Championships 2026","Birmingham","GB","January 24–25, 2026","2026","2026","F","Scarlet & Violet","regional","Masters","688","false","true","final","true","688","100.00","","99","680","98.84","2811","682","99.13","true","true","true","true","1","https://rk9.gg/pairings/BH02mBOy0UgfISzHnNdU","limitless;pokedata"
"regional-merida-2026","Mérida Regionals 2026","Mérida Regional Championships 2026","Mérida","MX","January 24–25, 2026","2026","2026","F","Scarlet & Violet","regional","Masters","234","false","true","final","true","234","100.00","","34","234","100.00","953","234","100.00","true","true","true","true","1","https://rk9.gg/pairings/ME02w00ChbJUX07ROH4K","limitless;pokedata"
"regional-toronto-2026","Toronto Regionals 2026","Toronto Regional Championships 2026","Toronto","CA","January 16–18, 2026","2026","2026","F","Scarlet & Violet","regional","Masters","750","false","true","final","false","749","99.87","{""field"":750,""rows"":749,""delta"":-1}","107","749","99.87","2908","749","99.87","true","true","true","true","1","https://rk9.gg/pairings/TO027Rvi7XmbN1f355Nc","limitless;pokedata"
"regional-stuttgart-2026","Stuttgart Regionals 2026","Stuttgart Regional Championships 2026","Stuttgart","DE","November 29–30, 2025","2025","2026","H","Scarlet & Violet","regional","Masters","661","false","true","final","true","661","100.00","","95","661","100.00","2716","660","99.85","true","true","true","true","1","https://rk9.gg/pairings/SG02gVKM38QMVGTcAiZN","limitless;pokedata"
"laic-2025","LAIC 2026","2026 Latin America International Championships","São Paulo","BR","November 21–23, 2025","2025","2026","H","Scarlet & Violet","international","Masters","518","false","true","final","false","517","99.81","{""field"":518,""rows"":517,""delta"":-1}","73","513","99.03","2019","513","99.03","true","true","true","true","1","https://rk9.gg/pairings/LA0226md2zDgZtmvexIY","limitless;pokedata"
"regional-las-vegas-nv-2026","Las Vegas Regionals 2026","Las Vegas Regional Championships 2026","Las Vegas","US","November 14–16, 2025","2025","2026","H","Scarlet & Violet","regional","Masters","705","false","true","final","true","705","100.00","","101","700","99.29","2763","699","99.15","true","true","true","true","1","https://rk9.gg/pairings/LV02kSgge3zYTKAwlomv","limitless;pokedata"
"special-event-buenos-aires-2026","Buenos Aires Special Event 2026","Buenos Aires Special Event 2026","Buenos Aires","AR","November 15, 2025","2025","2026","H","Scarlet & Violet","special","Masters","93","false","true","swiss","false","93","100.00","","32","94","101.08","327","92","98.92","true","true","true","true","1","https://standings.reportworm.com/api/v1/2026/buenos-aires","limitless;reportworm"
"regional-brisbane-2026","Brisbane Regionals 2026","Brisbane Regional Championships 2026","Brisbane","AU","November 1–2, 2025","2025","2026","H","Scarlet & Violet","regional","Masters","210","false","true","final","true","210","100.00","","31","210","100.00","839","210","100.00","true","true","true","true","1","https://rk9.gg/pairings/BR02nX95OUm3tbvzmSPv","limitless;pokedata"
"regional-gdansk-2026","Gdańsk Regionals 2026","Gdańsk Regional Championships 2026","Gdańsk","PL","November 1–2, 2025","2025","2026","H","Scarlet & Violet","regional","Masters","418","false","true","final","false","417","99.76","{""field"":418,""rows"":417,""delta"":-1}","59","417","99.76","1667","416","99.52","true","true","true","true","1","https://rk9.gg/pairings/GD02yFCaTDuKwnIR9IKd","limitless;pokedata"
"regional-lille-2026","Lille Regionals 2026","Lille Regional Championships 2026","Lille","FR","October 25–26, 2025","2025","2026","H","Scarlet & Violet","regional","Masters","679","false","true","final","true","679","100.00","","98","676","99.56","2755","676","99.56","true","true","true","true","1","https://rk9.gg/pairings/LL02aDtPZHuHLDewaIqy","limitless;pokedata"
"regional-belo-horizonte-2026","Belo Horizonte Regionals 2026","Belo Horizonte Regional Championships 2026","Belo Horizonte","BR","October 11–12, 2025","2025","2026","H","Scarlet & Violet","regional","Masters","185","false","true","final","true","185","100.00","","28","185","100.00","728","185","100.00","true","true","true","true","1","https://rk9.gg/pairings/BE02wX9mUPbgJsSba2pR","limitless;pokedata"
"regional-milwaukee-wi-2026","Milwaukee Regionals 2026","Milwaukee Regional Championships 2026","Milwaukee","US","October 10–12, 2025","2025","2026","H","Scarlet & Violet","regional","Masters","709","false","true","final","false","708","99.86","{""field"":709,""rows"":708,""delta"":-1}","101","702","99.01","2811","705","99.44","true","true","true","true","1","https://rk9.gg/pairings/MK02mx9kmM49UZ5g4JxH","limitless;pokedata"
"regional-pittsburgh-pa-2026","Pittsburgh Regionals 2026","Pittsburgh Regional Championships 2026","Pittsburgh","US","September 19–21, 2025","2025","2026","H","Scarlet & Violet","regional","Masters","746","false","true","final","true","746","100.00","","107","745","99.87","2996","746","100.00","true","true","true","true","1","https://rk9.gg/pairings/PT02mMVCgJGPQcHccDoy","limitless;pokedata"
"regional-frankfurt-2026","Frankfurt Regionals 2026","Frankfurt Regional Championships 2026","Frankfurt","DE","September 13–14, 2025","2025","2026","H","Scarlet & Violet","regional","Masters","742","false","true","final","true","742","100.00","","107","741","99.87","3055","741","99.87","true","true","true","true","1","https://rk9.gg/pairings/FR02mk9EZ28MWiUNIsTN","limitless;pokedata"
"regional-monterrey-2026","Monterrey Regionals 2026","Monterrey Regional Championships 2026","Monterrey","MX","September 13–14, 2025","2025","2026","H","Scarlet & Violet","regional","Masters","282","false","true","final","false","281","99.65","{""field"":282,""rows"":281,""delta"":-1}","38","279","98.94","1102","278","98.58","true","true","true","true","1","https://rk9.gg/pairings/MT02mEWqwYNpTSVPcblx","limitless;reportworm"